nrp,nama
1151001,Udin
1151002,Joni
1151003,Budi
1151004,bina
1151005,dina
1151006,dudu
1151007,didi
1151008,dono
1151009,g
1151010,h
1151011,i
1151012,Joni
1151013,k
1151014,aa
1151015,da
1151016,sd
1151017,as
1151018,das
1151019,da
1151020,sd
1151021,as
1151022,da
1151023,sd
1151024,as
1151025,da
1151026,sd
1151027,as
1151028,da
1151029,sd
1151030,as
1151031,da
1151032,sd
1151033,asd
1151034,as
1151035,da
1151036,sd
1151037,as
1151038,da
1151039,]asda
1151040,asd
1151041,as
1151042,da
1151043,sd
1151044,asd
1151045,as
1151046,d
1151047,asd
1151048,asd
1151049,as
1151050,da
1152001,susi
1152002,asd
1152003,sisa
1152004,fifi
1152005,fina
1152006,vina
1152007,vini
1152008,vinu
1152009,vine
1152010,vino
1152011,df
1152012,sdf
1152013,asf
1152014,asd
1152015,sda
1152016,asd
1152017,asd
1152018,as
1152019,dasd
1152020,asd
1152021,asd
1152022,asd
1152023,sad
1152024,asd
1152025,ds
1152026,aa
1152027,ss
1152028,dd
1152029,ff
1152030,gg
1152031,hh
1152032,qq
1152033,ww
1152034,s
1152035,ad
1152036,as
1152037,das
1152038,da
1152039,sd
1152040,asd
1152041,asd
1152042,asd
1152043,asd
1152044,as
1152045,hsdfa
1152046,zaaf
1152047,qwesqwe
1152048,aaqwe
1152049,dss
1152050,aaz
